INSERT INTO CLASS (CLASS_ID, FLOOR, SHELF) VALUES ('TEC', 1, 'A1');
INSERT INTO CLASS (CLASS_ID, FLOOR, SHELF) VALUES ('PRO', 1, 'A2');
INSERT INTO CLASS (CLASS_ID, FLOOR, SHELF) VALUES ('MATH', 1, 'A3');
INSERT INTO CLASS (CLASS_ID, FLOOR, SHELF) VALUES ('FICT', 2, 'B1');
INSERT INTO CLASS (CLASS_ID, FLOOR, SHELF) VALUES ('CLASS', 2, 'B2');
INSERT INTO CLASS (CLASS_ID, FLOOR, SHELF) VALUES ('LIT', 2, 'B3');
INSERT INTO BOOKS VALUES (110, '978-0123456', 'Deep Learning', 'Emma White', 'Tech', 2021, 'TEC', 21, 5);
INSERT INTO BOOKS VALUES (111, '978-2234567', 'Introduction to AI', 'Steve Rogers', 'Tech', 2020, 'TEC', 21, 7);
INSERT INTO BOOKS VALUES (112, '978-3345678', 'Machine Learning', 'Tony Stark', 'Programming', 2022, 'PRO', 21, 9);
INSERT INTO BOOKS VALUES (113, '978-4456789', 'Blockchain Basics', 'Natasha Romanoff', 'Tech', 2021, 'TEC', 21, 5);
INSERT INTO BOOKS VALUES (114, '978-5567890', 'Data Analytics', 'Bruce Banner', 'Tech', 2023, 'TEC', 21, 6);
INSERT INTO BOOKS VALUES (115, '978-6678901', 'Web Scraping', 'Wanda Maximoff', 'Tech', 2022, 'TEC', 21, 4);
INSERT INTO BOOKS VALUES (116, '978-7789012', 'Introduction to R', 'Clint Barton', 'Math', 2021, 'MATH', 21, 7);
INSERT INTO BOOKS VALUES (117, '978-8890123', 'Quantum Computing', 'Peter Parker', 'Tech', 2020, 'TEC', 21, 6);
INSERT INTO BOOKS VALUES (118, '978-9901234', 'Digital Marketing', 'Steve Rogers', 'Tech', 2022, 'TEC', 21, 8);
INSERT INTO BOOKS VALUES (119, '978-1012345', 'Cybersecurity Essentials', 'Tony Stark', 'Tech', 2021, 'TEC', 21, 10);
INSERT INTO BOOKS VALUES (120, '978-1113456', 'Cloud Security', 'Natasha Romanoff', 'Tech', 2023, 'TEC', 21, 4);
INSERT INTO BOOKS VALUES (121, '978-1237889', 'Pride and Prejudice', 'Jane Austen', 'Literature', 1813, 'CLASS', 21, 5);
INSERT INTO BOOKS VALUES (122, '978-2348990', '1984', 'George Orwell', 'Fiction', 1949, 'FICT', 21, 4);
INSERT INTO BOOKS VALUES (123, '978-3459101', 'Moby Dick', 'Herman Melville', 'Classics', 1851, 'CLASS', 21, 6);
INSERT INTO BOOKS VALUES (124, '978-4569212', 'The Great Gatsby', 'F. Scott Fitzgerald', 'Fiction', 1925, 'FICT', 21, 7);
INSERT INTO EBOOKS VALUES ('E202', '978-0446573080', 'The Girl with the Louding Voice', 'Abi Daré', 'Fiction', 2020, '21 Days', 6);
INSERT INTO EBOOKS VALUES ('E203', '978-0385543132', 'The Four Winds', 'Kristin Hannah', 'Historical', 2021, '21 Days', 4);
INSERT INTO EBOOKS VALUES ('E204', '978-0307743657', 'The Silent Patient', 'Alex Michaelides', 'Thriller', 2019, '21 Days', 5);
INSERT INTO EBOOKS VALUES ('E205', '978-0385540803', 'American Dirt', 'Jeanine Cummins', 'Fiction', 2020, '21 Days', 7);
INSERT INTO EBOOKS VALUES ('E206', '978-1443419038', 'The Tattooist of Auschwitz', 'Heather Morris', 'Historical', 2018, '21 Days', 6);
INSERT INTO EBOOKS VALUES ('E207', '978-0399181894', 'The Chain', 'Adrian McKinty', 'Thriller', 2019, '21 Days', 5);
INSERT INTO EBOOKS VALUES ('E208', '978-0143129401', 'The Nightingale', 'Kristin Hannah', 'Historical', 2015, '21 Days', 8);
INSERT INTO EBOOKS VALUES ('E209', '978-0062952125', 'The Henna Artist', 'Alka Joshi', 'Fiction', 2020, '21 Days', 6);
INSERT INTO EBOOKS VALUES ('E210', '978-0062572112', 'Big Little Lies', 'Liane Moriarty', 'Fiction', 2014, '21 Days', 5);
INSERT INTO EBOOKS VALUES ('E211', '978-1419717015', 'A Man Called Ove', 'Fredrik Backman', 'Fiction', 2012, '21 Days', 7);
INSERT INTO EBOOKS VALUES ('E212', '978-0374533551', 'The Goldfinch', 'Donna Tartt', 'Fiction', 2013, '21 Days', 6);
INSERT INTO EBOOKS VALUES ('E213', '978-0452295292', 'Water for Elephants', 'Sara Gruen', 'Historical', 2006, '21 Days', 5);
INSERT INTO EBOOKS VALUES ('E214', '978-1499855406', 'The Paper Palace', 'Miranda Cowley Heller', 'Fiction', 2021, '21 Days', 4);
INSERT INTO EBOOKS VALUES ('E215', '978-1250769086', 'The Seven Husbands of Evelyn Hugo', 'Taylor Jenkins Reid', 'Fiction', 2017, '21 Days', 6);
INSERT INTO EQUIPMENT VALUES ('EQUIP-202401010001', 'eReader', 'Paperwhite', 'Amazon', '3 Days', 37, 'Off-site');
INSERT INTO EQUIPMENT VALUES ('EQUIP-202401010002', 'eReader', 'ColorSoft', 'Amazon', '3 Days', 18, 'Off-site');
INSERT INTO EQUIPMENT VALUES ('EQUIP-202401010003', 'eReader', 'Fire', 'Amazon', '3 Days', 33, 'Off-site');
INSERT INTO EQUIPMENT VALUES ('EQUIP-202401010004', 'Laptop', 'ThinkPad', 'Lenovo', '0 Days', 25, 'On-site Only');
INSERT INTO EQUIPMENT VALUES ('EQUIP-202401010005', 'Laptop', 'L540', 'Lenovo', '0 Days', 25, 'On-site Only');
INSERT INTO EQUIPMENT VALUES ('EQUIP-202401010006', 'Tablet', 'iPad', 'Apple', '0 Days', 42, 'On-site Only');
INSERT INTO EQUIPMENT VALUES ('EQUIP-202401010007', 'Tablet', 'iPad Pro', 'Apple', '0 Days', 21, 'On-site Only');
INSERT INTO EQUIPMENT VALUES ('EQUIP-202401010008', 'Tablet', 'iPad Mini', 'Apple', '0 Days', 18, 'On-site Only');
INSERT INTO RESOURCES (RESOURCE_ID, BOOK_ID, EBOOK_ID, EQUIPMENT_ID) VALUES ('RESO-202401010001', 110, NULL, NULL);
INSERT INTO RESOURCES (RESOURCE_ID, BOOK_ID, EBOOK_ID, EQUIPMENT_ID) VALUES ('RESO-202401010002', 111, NULL, NULL);
INSERT INTO RESOURCES (RESOURCE_ID, BOOK_ID, EBOOK_ID, EQUIPMENT_ID) VALUES ('RESO-202401010003', 112, NULL, NULL);
INSERT INTO RESOURCES (RESOURCE_ID, BOOK_ID, EBOOK_ID, EQUIPMENT_ID) VALUES ('RESO-202401010004', 113, NULL, NULL);
INSERT INTO RESOURCES (RESOURCE_ID, BOOK_ID, EBOOK_ID, EQUIPMENT_ID) VALUES ('RESO-202401010005', 114, NULL, NULL);
INSERT INTO RESOURCES (RESOURCE_ID, BOOK_ID, EBOOK_ID, EQUIPMENT_ID) VALUES ('RESO-202401010006', 115, NULL, NULL);
INSERT INTO RESOURCES (RESOURCE_ID, BOOK_ID, EBOOK_ID, EQUIPMENT_ID) VALUES ('RESO-202401010007', 116, NULL, NULL);
INSERT INTO RESOURCES (RESOURCE_ID, BOOK_ID, EBOOK_ID, EQUIPMENT_ID) VALUES ('RESO-202401010008', 117, NULL, NULL);
INSERT INTO RESOURCES (RESOURCE_ID, BOOK_ID, EBOOK_ID, EQUIPMENT_ID) VALUES ('RESO-202401010009', 118, NULL, NULL);
INSERT INTO RESOURCES (RESOURCE_ID, BOOK_ID, EBOOK_ID, EQUIPMENT_ID) VALUES ('RESO-202401010010', 119, NULL, NULL);
INSERT INTO RESOURCES (RESOURCE_ID, BOOK_ID, EBOOK_ID, EQUIPMENT_ID) VALUES ('RESO-202401010011', 120, NULL, NULL);
INSERT INTO RESOURCES (RESOURCE_ID, BOOK_ID, EBOOK_ID, EQUIPMENT_ID) VALUES ('RESO-202401010012', 121, NULL, NULL);
INSERT INTO RESOURCES (RESOURCE_ID, BOOK_ID, EBOOK_ID, EQUIPMENT_ID) VALUES ('RESO-202401010013', 122, NULL, NULL);
INSERT INTO RESOURCES (RESOURCE_ID, BOOK_ID, EBOOK_ID, EQUIPMENT_ID) VALUES ('RESO-202401010014', 123, NULL, NULL);
INSERT INTO RESOURCES (RESOURCE_ID, BOOK_ID, EBOOK_ID, EQUIPMENT_ID) VALUES ('RESO-202401010015', 124, NULL, NULL);
INSERT INTO RESOURCES (RESOURCE_ID, BOOK_ID, EBOOK_ID, EQUIPMENT_ID) VALUES ('RESO-202401010017', NULL, 'E202', NULL);
INSERT INTO RESOURCES (RESOURCE_ID, BOOK_ID, EBOOK_ID, EQUIPMENT_ID) VALUES ('RESO-202401010018', NULL, 'E203', NULL);
INSERT INTO RESOURCES (RESOURCE_ID, BOOK_ID, EBOOK_ID, EQUIPMENT_ID) VALUES ('RESO-202401010019', NULL, 'E204', NULL);
INSERT INTO RESOURCES (RESOURCE_ID, BOOK_ID, EBOOK_ID, EQUIPMENT_ID) VALUES ('RESO-202401010020', NULL, 'E205', NULL);
INSERT INTO RESOURCES (RESOURCE_ID, BOOK_ID, EBOOK_ID, EQUIPMENT_ID) VALUES ('RESO-202401010021', NULL, 'E206', NULL);
INSERT INTO RESOURCES (RESOURCE_ID, BOOK_ID, EBOOK_ID, EQUIPMENT_ID) VALUES ('RESO-202401010022', NULL, 'E207', NULL);
INSERT INTO RESOURCES (RESOURCE_ID, BOOK_ID, EBOOK_ID, EQUIPMENT_ID) VALUES ('RESO-202401010023', NULL, 'E208', NULL);
INSERT INTO RESOURCES (RESOURCE_ID, BOOK_ID, EBOOK_ID, EQUIPMENT_ID) VALUES ('RESO-202401010024', NULL, 'E209', NULL);
INSERT INTO RESOURCES (RESOURCE_ID, BOOK_ID, EBOOK_ID, EQUIPMENT_ID) VALUES ('RESO-202401010025', NULL, 'E210', NULL);
INSERT INTO RESOURCES (RESOURCE_ID, BOOK_ID, EBOOK_ID, EQUIPMENT_ID) VALUES ('RESO-202401010026', NULL, 'E211', NULL);
INSERT INTO RESOURCES (RESOURCE_ID, BOOK_ID, EBOOK_ID, EQUIPMENT_ID) VALUES ('RESO-202401010027', NULL, 'E212', NULL);
INSERT INTO RESOURCES (RESOURCE_ID, BOOK_ID, EBOOK_ID, EQUIPMENT_ID) VALUES ('RESO-202401010028', NULL, 'E213', NULL);
INSERT INTO RESOURCES (RESOURCE_ID, BOOK_ID, EBOOK_ID, EQUIPMENT_ID) VALUES ('RESO-202401010029', NULL, 'E214', NULL);
INSERT INTO RESOURCES (RESOURCE_ID, BOOK_ID, EBOOK_ID, EQUIPMENT_ID) VALUES ('RESO-202401010030', NULL, 'E215', NULL);
INSERT INTO RESOURCES (RESOURCE_ID, BOOK_ID, EBOOK_ID, EQUIPMENT_ID) VALUES ('RESO-202401010031', NULL, NULL, 'EQUIP-202401010001');
INSERT INTO RESOURCES (RESOURCE_ID, BOOK_ID, EBOOK_ID, EQUIPMENT_ID) VALUES ('RESO-202401010032', NULL, NULL, 'EQUIP-202401010002');
INSERT INTO RESOURCES (RESOURCE_ID, BOOK_ID, EBOOK_ID, EQUIPMENT_ID) VALUES ('RESO-202401010033', NULL, NULL, 'EQUIP-202401010003');
INSERT INTO RESOURCES (RESOURCE_ID, BOOK_ID, EBOOK_ID, EQUIPMENT_ID) VALUES ('RESO-202401010034', NULL, NULL, 'EQUIP-202401010004');
INSERT INTO RESOURCES (RESOURCE_ID, BOOK_ID, EBOOK_ID, EQUIPMENT_ID) VALUES ('RESO-202401010035', NULL, NULL, 'EQUIP-202401010005');
INSERT INTO RESOURCES (RESOURCE_ID, BOOK_ID, EBOOK_ID, EQUIPMENT_ID) VALUES ('RESO-202401010036', NULL, NULL, 'EQUIP-202401010006');
INSERT INTO RESOURCES (RESOURCE_ID, BOOK_ID, EBOOK_ID, EQUIPMENT_ID) VALUES ('RESO-202401010037', NULL, NULL, 'EQUIP-202401010007');
INSERT INTO RESOURCES (RESOURCE_ID, BOOK_ID, EBOOK_ID, EQUIPMENT_ID) VALUES ('RESO-202401010038', NULL, NULL, 'EQUIP-202401010008');
INSERT INTO MEMBERS (MEMBER_ID, MEMBER_NAME, MEMBER_EMAIL, LOAN_LIMIT)
VALUES ('NECLIB-UGJD001120919', 'John Doe',
'john.doe150994@ne.edu'
, 5);
INSERT INTO MEMBERS (MEMBER_ID, MEMBER_NAME, MEMBER_EMAIL, LOAN_LIMIT)
VALUES ('NECLIB-PGMS001010921', 'Mary Smith',
'm.smith040195@ne.edu'
, 5);
INSERT INTO MEMBERS (MEMBER_ID, MEMBER_NAME, MEMBER_EMAIL, LOAN_LIMIT)
VALUES ('NECLIB-UGAP001010922', 'Alice Price',
'a.price080694@ne.edu'
, 5);
INSERT INTO MEMBERS (MEMBER_ID, MEMBER_NAME, MEMBER_EMAIL, LOAN_LIMIT)
VALUES ('NECLIB-STKA001010920', 'Kevin Adams',
'k.adams250896@ne.edu'
, 10);
INSERT INTO MEMBERS (MEMBER_ID, MEMBER_NAME, MEMBER_EMAIL, LOAN_LIMIT)
VALUES ('NECLIB-UGRB001010918', 'Robert Brown',
'r.brown200494@ne.edu'
, 5);
INSERT INTO MEMBERS (MEMBER_ID, MEMBER_NAME, MEMBER_EMAIL, LOAN_LIMIT)
VALUES ('NECLIB-PGEV001010921', 'Emma Vance',
'e.vance300998@ne.edu'
, 5);
INSERT INTO MEMBERS (MEMBER_ID, MEMBER_NAME, MEMBER_EMAIL, LOAN_LIMIT)
VALUES ('NECLIB-UGOL001010920', 'Olivia Lee',
'o.lee100599@ne.edu'
, 5);
INSERT INTO MEMBERS (MEMBER_ID, MEMBER_NAME, MEMBER_EMAIL, LOAN_LIMIT)
VALUES ('NECLIB-STNP001010923', 'Nathan Patel',
'n.patel170123@ne.edu'
, 10);
INSERT INTO MEMBERS (MEMBER_ID, MEMBER_NAME, MEMBER_EMAIL, LOAN_LIMIT)
VALUES ('NECLIB-UGJB001010917', 'James Black',
'j.black030789@ne.edu'
, 5);
INSERT INTO MEMBERS (MEMBER_ID, MEMBER_NAME, MEMBER_EMAIL, LOAN_LIMIT)
VALUES ('NECLIB-PGKW001010918', 'Kate Williams',
'k.williams290695@ne.edu'
, 5);
INSERT INTO MEMBERS (MEMBER_ID, MEMBER_NAME, MEMBER_EMAIL, LOAN_LIMIT)
VALUES ('NECLIB-UGDC001010922', 'Daniel Cooper',
'd.cooper120499@ne.edu'
, 5);
INSERT INTO MEMBERS (MEMBER_ID, MEMBER_NAME, MEMBER_EMAIL, LOAN_LIMIT)
VALUES ('NECLIB-STSB001010920', 'Sarah Brown',
's.brown060687@ne.edu'
, 10);
INSERT INTO MEMBERS (MEMBER_ID, MEMBER_NAME, MEMBER_EMAIL, LOAN_LIMIT)
VALUES ('NECLIB-PGFR001010923', 'Fiona Roberts',
'f.roberts250394@ne.edu'
, 5);
INSERT INTO MEMBERS (MEMBER_ID, MEMBER_NAME, MEMBER_EMAIL, LOAN_LIMIT)
VALUES ('NECLIB-UGTD001010922', 'Thomas Drake',
't.drake220998@ne.edu'
, 5);
INSERT INTO MEMBERS (MEMBER_ID, MEMBER_NAME, MEMBER_EMAIL, LOAN_LIMIT)
VALUES ('NECLIB-STCC001010920', 'Chloe Collins',
'c.collins080297@ne.edu'
, 10);
INSERT INTO Loans (Loans_ID, Member_ID, Resource_ID, Loan_Date, Date_Returned)
VALUES ('LOAN-202401010001', 'NECLIB-UGJD001120919', 'RESO-202401010001', TO_DATE('2024-01-01', 'YYYY-MM-DD'), TO_DATE('2024-01-05', 'YYYY-MM-DD'));
INSERT INTO Loans (Loans_ID, Member_ID, Resource_ID, Loan_Date, Date_Returned)
VALUES ('LOAN-202401010002', 'NECLIB-PGMS001010921', 'RESO-202401010005', TO_DATE('2024-01-02', 'YYYY-MM-DD'), TO_DATE('2024-01-06', 'YYYY-MM-DD'));
INSERT INTO Loans (Loans_ID, Member_ID, Resource_ID, Loan_Date, Date_Returned)
VALUES ('LOAN-202401010003', 'NECLIB-UGAP001010922', 'RESO-202401010008', TO_DATE('2024-01-03', 'YYYY-MM-DD'), TO_DATE('2024-01-07', 'YYYY-MM-DD'));
INSERT INTO Loans (Loans_ID, Member_ID, Resource_ID, Loan_Date, Date_Returned)
VALUES ('LOAN-202401010004', 'NECLIB-STKA001010920', 'RESO-202401010003', TO_DATE('2024-01-04', 'YYYY-MM-DD'), TO_DATE('2024-01-08', 'YYYY-MM-DD'));
INSERT INTO Loans (Loans_ID, Member_ID, Resource_ID, Loan_Date, Date_Returned)
VALUES ('LOAN-202401010005', 'NECLIB-UGRB001010918', 'RESO-202401010019', TO_DATE('2024-01-05', 'YYYY-MM-DD'), TO_DATE('2024-01-09', 'YYYY-MM-DD'));
INSERT INTO Loans (Loans_ID, Member_ID, Resource_ID, Loan_Date, Date_Returned)
VALUES ('LOAN-202401010006', 'NECLIB-PGEV001010921', 'RESO-202401010014', TO_DATE('2024-01-06', 'YYYY-MM-DD'), TO_DATE('2024-01-10', 'YYYY-MM-DD'));
INSERT INTO Loans (Loans_ID, Member_ID, Resource_ID, Loan_Date, Date_Returned)
VALUES ('LOAN-202401010007', 'NECLIB-UGOL001010920', 'RESO-202401010007', TO_DATE('2024-01-07', 'YYYY-MM-DD'), TO_DATE('2024-01-11', 'YYYY-MM-DD'));
INSERT INTO Loans (Loans_ID, Member_ID, Resource_ID, Loan_Date, Date_Returned)
VALUES ('LOAN-202401010008', 'NECLIB-STNP001010923', 'RESO-202401010022', TO_DATE('2024-01-08', 'YYYY-MM-DD'), TO_DATE('2024-01-12', 'YYYY-MM-DD'));
INSERT INTO RESERVATIONS VALUES ('RESERV-202401010101', 'RESO-202401010019', 'NECLIB-UGJD001120919', 1, TO_DATE('2024-11-01', 'YYYY-MM-DD'));
INSERT INTO RESERVATIONS VALUES ('RESERV-202401010102', 'RESO-202401010020', 'NECLIB-PGMS001010921', 1, TO_DATE('2024-11-03', 'YYYY-MM-DD'));
INSERT INTO RESERVATIONS VALUES ('RESERV-202401010103', 'RESO-202401010021', 'NECLIB-UGAP001010922', 2, TO_DATE('2024-11-05', 'YYYY-MM-DD'));
INSERT INTO RESERVATIONS VALUES ('RESERV-202401010104', 'RESO-202401010018', 'NECLIB-STKA001010920', 1, TO_DATE('2024-11-07', 'YYYY-MM-DD'));
INSERT INTO RESERVATIONS VALUES ('RESERV-202401010105', 'RESO-202401010022', 'NECLIB-UGRB001010918', 1, TO_DATE('2024-11-09', 'YYYY-MM-DD'));
INSERT INTO RESERVATIONS VALUES ('RESERV-202401010106', 'RESO-202401010015', 'NECLIB-PGEV001010921', 2, TO_DATE('2024-11-11', 'YYYY-MM-DD'));
INSERT INTO FINES VALUES ('FI-202401010039', 'NECLIB-UGJD001120919', 15);
INSERT INTO FINES VALUES ('FI-202401010074', 'NECLIB-PGMS001010921', 5);
INSERT INTO FINES VALUES ('FI-202401010014', 'NECLIB-UGAP001010922', 10);
INSERT INTO FINES VALUES ('FI-202401010045', 'NECLIB-STKA001010920', 0);
INSERT INTO FINES VALUES ('FI-202401010087', 'NECLIB-UGRB001010918', 20);
INSERT INTO FINES VALUES ('FI-202401010024', 'NECLIB-PGEV001010921', 25);
INSERT INTO FINES VALUES ('FI-202401010070', 'NECLIB-UGOL001010920', 30);
INSERT INTO FINES VALUES ('FI-202401010056', 'NECLIB-STNP001010923', 5);
INSERT INTO FINES VALUES ('FI-202401010018', 'NECLIB-UGJB001010917', 10);
INSERT INTO FINES VALUES ('FI-202401010093', 'NECLIB-PGKW001010918', 0);
INSERT INTO FINES VALUES ('FI-202401010067', 'NECLIB-UGDC001010922', 20);
INSERT INTO FINES VALUES ('FI-202401010078', 'NECLIB-STSB001010920', 10);
INSERT INTO FINES VALUES ('FI-202401010061', 'NECLIB-PGFR001010923', 15);
INSERT INTO FINES VALUES ('FI-202401010081', 'NECLIB-UGTD001010922', 5);
INSERT INTO FINES VALUES ('FI-202401010008', 'NECLIB-STCC001010920', 25);